1693487700234,dasdasd,user2
1693487701557,dasdasd,user2
1693487702133,dasdasd,user2
1693487715294,asdasdaddasdasdasdasdasdasdasdasdasdasd,user1
1693487716388,asdasdaddasdasdasdasdasdasdasdasdasdasd,user1
1693487732345,rtyrtyrty,user2
1693487760006,dasd,user1
1693487761521,,user2
1693487761846,,user2
1693487762094,,user2
1693487763153,dasd,user1
1693487764330,,user2
1693487904846,dasd,user2
1693487907150,,user1
1693487907941,,user1
1693487908205,,user1
1693487908445,,user1
1693487909831,dasd,user2
1693487910062,dasd,user2
1693573637600,dsadasdasda,user2
1693575484546,,
1693575489179,,
